-- MySQL Seed Data - Food Industry Database
-- File: 02-seed-data.sql

USE food_industry;

-- Disable foreign key checks for inserting
SET FOREIGN_KEY_CHECKS = 0;

-- Seed Categories
INSERT INTO categories (id, name, description, parent_category_id) VALUES
(1, 'Pasta', 'Prodotti a base di pasta secca e fresca', NULL),
(2, 'Pasta Secca', 'Pasta secca di semola di grano duro', 1),
(3, 'Pasta Fresca', 'Pasta fresca all\'uovo e ripiena', 1),
(4, 'Conserve', 'Conserve alimentari varie', NULL),
(5, 'Salse e Sughi', 'Salse pronte e sughi', 4),
(6, 'Conserve Vegetali', 'Verdure e legumi in conserva', 4),
(7, 'Latticini', 'Prodotti lattiero-caseari', NULL),
(8, 'Formaggi', 'Formaggi stagionati e freschi', 7),
(9, 'Yogurt', 'Yogurt e dessert al cucchiaio', 7),
(10, 'Salumi', 'Salumi e insaccati', NULL),
(11, 'Prosciutti', 'Prosciutti crudi e cotti', 10),
(12, 'Salami', 'Salami e salsicce stagionate', 10),
(13, 'Bevande', 'Bevande varie', NULL),
(14, 'Succhi', 'Succhi di frutta e nettari', 13),
(15, 'Olio e Aceto', 'Oli e aceti', NULL),
(16, 'Olio Extravergine', 'Olio extravergine di oliva', 15),
(17, 'Dolciario', 'Prodotti dolciari', NULL),
(18, 'Biscotti', 'Biscotti e frollini', 17),
(19, 'Surgelati', 'Prodotti surgelati', NULL),
(20, 'Condimenti', 'Sale, spezie e condimenti', NULL);

-- Seed Suppliers
INSERT INTO suppliers (id, name, vat_number, contact_person, email, phone, address, city, country, payment_terms, quality_rating) VALUES
(1, 'Barilla Alimentare SPA', 'IT12345678901', 'Mario Rossi', 'ordini@barilla.it', '+39 0521 262626', 'Via Mantova 166', 'Parma', 'Italia', '60 giorni data fattura', 4.8),
(2, 'De Cecco Pasta', 'IT23456789012', 'Laura Bianchi', 'sales@dececco.it', '+39 085 8281', 'Via Frentana 10', 'Pescara', 'Italia', '30 giorni fine mese', 4.9),
(3, 'Galbani Formaggi', 'IT34567890123', 'Giuseppe Verdi', 'commerciale@galbani.it', '+39 02 6741', 'Via Fantoli 8', 'Milano', 'Italia', '45 giorni data fattura', 4.7),
(4, 'Mutti Pomodori', 'IT45678901234', 'Anna Ferrari', 'info@mutti.it', '+39 0521 994811', 'Via Traversetolo 28', 'Parma', 'Italia', '60 giorni data fattura', 4.9),
(5, 'Levoni Salumi', 'IT56789012345', 'Carlo Mantovani', 'vendite@levoni.it', '+39 0376 711', 'Via Valle Amiana 16', 'Mantova', 'Italia', '30 giorni fine mese', 4.6),
(6, 'Monini Olio', 'IT67890123456', 'Francesca Monini', 'export@monini.com', '+39 075 6971', 'Via Camporeale', 'Perugia', 'Italia', '45 giorni data fattura', 4.8),
(7, 'San Benedetto Bevande', 'IT78901234567', 'Luca Ventura', 'contatti@sanbenedetto.it', '+39 0422 7761', 'Viale Kennedy 65', 'Treviso', 'Italia', '30 giorni fine mese', 4.5),
(8, 'Granarolo Latte', 'IT89012345678', 'Elena Grassi', 'b2b@granarolo.it', '+39 051 4162', 'Via Cadriano 27', 'Bologna', 'Italia', '60 giorni data fattura', 4.7),
(9, 'Ferrero Dolciaria', 'IT90123456789', 'Roberto Ferrero', 'ordini@ferrero.com', '+39 0173 313', 'Piazzale Pietro Ferrero 1', 'Alba', 'Italia', '45 giorni data fattura', 4.9),
(10, 'Rana Pasta Fresca', 'IT01234567890', 'Giovanni Rana', 'sales@giovannirana.it', '+39 045 8183', 'Via Pacinotti 25', 'Verona', 'Italia', '30 giorni fine mese', 4.8),
(11, 'Divella Pasta', 'IT11234567890', 'Francesco Divella', 'commerciale@divella.it', '+39 080 9146', 'Via Sassari 5', 'Bari', 'Italia', '45 giorni data fattura', 4.6),
(12, 'Parmigiano Reggiano Consorzio', 'IT21234567890', 'Stefano Berni', 'consorzio@parmigiano.it', '+39 0522 307741', 'Via Kennedy 18', 'Reggio Emilia', 'Italia', '60 giorni data fattura', 5.0),
(13, 'Colussi Biscotti', 'IT31234567890', 'Andrea Colussi', 'info@colussi.it', '+39 0434 516', 'Via Garibaldi 33', 'Pordenone', 'Italia', '30 giorni fine mese', 4.5),
(14, 'Findus Surgelati', 'IT41234567890', 'Marco Belli', 'vendite@findus.it', '+39 010 5767', 'Via Adamoli 721', 'Genova', 'Italia', '45 giorni data fattura', 4.7),
(15, 'Bonifiche Ferraresi Riso', 'IT51234567890', 'Paolo Rossi', 'commerciale@bonificheferraresi.it', '+39 0532 808', 'Via Cardinala 1', 'Ferrara', 'Italia', '60 giorni data fattura', 4.8);

-- Seed Products
INSERT INTO products (name, sku, category_id, description, ingredients, nutritional_info, allergens, weight, unit, price, cost, stock_quantity, reorder_level, expiration_days, storage_temperature, certifications) VALUES
-- Pasta Secca
('Spaghetti n.5 Barilla', 'PST-001', 2, 'Spaghetti di semola di grano duro', 'Semola di grano duro, acqua', '{"calorie": 358, "proteine": 13, "carboidrati": 71, "grassi": 1.5}', 'Glutine', 500, 'g', 1.20, 0.65, 850, 100, 730, 'Ambiente secco', 'None'),
('Penne Rigate De Cecco', 'PST-002', 2, 'Penne rigate di semola', 'Semola di grano duro, acqua', '{"calorie": 356, "proteine": 12.5, "carboidrati": 70.5, "grassi": 1.8}', 'Glutine', 500, 'g', 1.45, 0.75, 620, 100, 730, 'Ambiente secco', 'None'),
('Fusilli Barilla', 'PST-003', 2, 'Fusilli di semola', 'Semola di grano duro, acqua', '{"calorie": 358, "proteine": 13, "carboidrati": 71, "grassi": 1.5}', 'Glutine', 500, 'g', 1.25, 0.68, 740, 100, 730, 'Ambiente secco', 'None'),
('Rigatoni Divella', 'PST-004', 2, 'Rigatoni di semola', 'Semola di grano duro, acqua', '{"calorie": 355, "proteine": 12, "carboidrati": 72, "grassi": 1.2}', 'Glutine', 500, 'g', 1.10, 0.58, 560, 100, 730, 'Ambiente secco', 'None'),
('Farfalle De Cecco', 'PST-005', 2, 'Farfalle di semola', 'Semola di grano duro, acqua', '{"calorie": 356, "proteine": 12.5, "carboidrati": 70.5, "grassi": 1.8}', 'Glutine', 500, 'g', 1.42, 0.73, 480, 100, 730, 'Ambiente secco', 'None'),
-- Pasta Fresca
('Tortellini Rana Prosciutto', 'PSF-001', 3, 'Tortellini freschi al prosciutto', 'Pasta: farina di grano tenero, uova. Ripieno: prosciutto crudo, mortadella, parmigiano', '{"calorie": 285, "proteine": 13, "carboidrati": 38, "grassi": 8}', 'Glutine, Uova, Latte', 250, 'g', 3.50, 1.80, 180, 50, 45, '0-4°C', 'None'),
('Ravioli Ricotta e Spinaci Rana', 'PSF-002', 3, 'Ravioli freschi ricotta e spinaci', 'Pasta: farina, uova. Ripieno: ricotta, spinaci, parmigiano', '{"calorie": 268, "proteine": 11, "carboidrati": 35, "grassi": 9}', 'Glutine, Uova, Latte', 250, 'g', 3.30, 1.65, 220, 50, 45, '0-4°C', 'None'),
('Lasagne Fresche Barilla', 'PSF-003', 3, 'Sfoglia per lasagne all\'uovo', 'Farina di grano tenero, uova', '{"calorie": 275, "proteine": 10, "carboidrati": 52, "grassi": 3}', 'Glutine, Uova', 500, 'g', 2.80, 1.40, 150, 40, 30, '0-4°C', 'None'),
-- Salse e Sughi
('Passata di Pomodoro Mutti', 'SAL-001', 5, 'Passata di pomodoro 100%', 'Pomodoro', '{"calorie": 35, "proteine": 1.5, "carboidrati": 6, "grassi": 0.2}', 'None', 700, 'g', 1.80, 0.95, 920, 150, 1095, 'Ambiente', 'Bio'),
('Pesto alla Genovese Barilla', 'SAL-002', 5, 'Pesto basilico DOP', 'Basilico, olio extravergine, parmigiano, pecorino, pinoli, aglio', '{"calorie": 445, "proteine": 5, "carboidrati": 4, "grassi": 45}', 'Latte, Frutta a guscio', 190, 'g', 3.20, 1.75, 380, 80, 365, 'Ambiente', 'DOP'),
('Sugo Amatriciana Mutti', 'SAL-003', 5, 'Sugo pronto all\'amatriciana', 'Pomodoro, guanciale, pecorino, cipolla', '{"calorie": 98, "proteine": 3, "carboidrati": 8, "grassi": 6}', 'Latte', 400, 'g', 2.90, 1.55, 290, 60, 730, 'Ambiente', 'None'),
-- Conserve Vegetali
('Pelati Mutti', 'CNS-001', 6, 'Pomodori pelati interi', 'Pomodoro, succo di pomodoro', '{"calorie": 28, "proteine": 1.2, "carboidrati": 5, "grassi": 0.1}', 'None', 400, 'g', 1.40, 0.72, 650, 120, 1095, 'Ambiente', 'None'),
('Ceci in Scatola', 'CNS-002', 6, 'Ceci lessati pronti', 'Ceci, acqua, sale', '{"calorie": 115, "proteine": 6, "carboidrati": 18, "grassi": 2}', 'None', 400, 'g', 1.20, 0.60, 520, 100, 1095, 'Ambiente', 'None'),
('Fagioli Borlotti', 'CNS-003', 6, 'Fagioli borlotti lessati', 'Fagioli, acqua, sale', '{"calorie": 108, "proteine": 7, "carboidrati": 17, "grassi": 0.5}', 'None', 400, 'g', 1.15, 0.58, 480, 100, 1095, 'Ambiente', 'None'),
-- Formaggi
('Parmigiano Reggiano DOP 24 mesi', 'FOR-001', 8, 'Parmigiano Reggiano stagionato 24 mesi', 'Latte, sale, caglio', '{"calorie": 392, "proteine": 33, "carboidrati": 0, "grassi": 28}', 'Latte', 1000, 'g', 18.50, 12.00, 145, 30, 180, '0-8°C', 'DOP'),
('Grana Padano DOP', 'FOR-002', 8, 'Grana Padano stagionato', 'Latte, sale, caglio, lisozima', '{"calorie": 384, "proteine": 33, "carboidrati": 0, "grassi": 28}', 'Latte, Uova', 1000, 'g', 16.00, 10.50, 180, 35, 180, '0-8°C', 'DOP'),
('Mozzarella di Bufala Campana DOP', 'FOR-003', 8, 'Mozzarella di bufala fresca', 'Latte di bufala, caglio, sale', '{"calorie": 288, "proteine": 18, "carboidrati": 0.4, "grassi": 24}', 'Latte', 250, 'g', 4.80, 2.80, 95, 30, 15, '0-4°C', 'DOP'),
('Gorgonzola DOP Piccante', 'FOR-004', 8, 'Gorgonzola erborinato piccante', 'Latte, sale, caglio, muffe', '{"calorie": 330, "proteine": 19, "carboidrati": 0, "grassi": 28}', 'Latte', 200, 'g', 3.20, 1.95, 110, 25, 60, '0-8°C', 'DOP'),
('Ricotta Fresca Vaccina', 'FOR-005', 8, 'Ricotta fresca di mucca', 'Siero di latte, latte, sale', '{"calorie": 174, "proteine": 11, "carboidrati": 3, "grassi": 13}', 'Latte', 500, 'g', 2.40, 1.30, 210, 50, 12, '0-4°C', 'None'),
-- Yogurt
('Yogurt Bianco Naturale Granarolo', 'YOG-001', 9, 'Yogurt bianco intero', 'Latte, fermenti lattici', '{"calorie": 66, "proteine": 3.5, "carboidrati": 4.5, "grassi": 3.5}', 'Latte', 500, 'g', 1.80, 0.95, 380, 80, 30, '0-4°C', 'None'),
('Yogurt Greco Fage 0%', 'YOG-002', 9, 'Yogurt greco magro', 'Latte scremato, fermenti lattici', '{"calorie": 57, "proteine": 10, "carboidrati": 4, "grassi": 0}', 'Latte', 170, 'g', 1.60, 0.85, 420, 90, 45, '0-4°C', 'None'),
('Yogurt alla Frutta Müller', 'YOG-003', 9, 'Yogurt con pezzi di frutta', 'Latte, frutta, zucchero, fermenti', '{"calorie": 95, "proteine": 3, "carboidrati": 16, "grassi": 2}', 'Latte', 125, 'g', 0.85, 0.45, 650, 120, 35, '0-4°C', 'None'),
-- Prosciutti
('Prosciutto Crudo di Parma DOP', 'PRO-001', 11, 'Prosciutto crudo stagionato 18 mesi', 'Coscia di suino, sale', '{"calorie": 268, "proteine": 26, "carboidrati": 0, "grassi": 18}', 'None', 100, 'g', 4.50, 2.80, 220, 50, 120, '0-4°C', 'DOP'),
('Prosciutto Cotto Alta Qualità Levoni', 'PRO-002', 11, 'Prosciutto cotto senza polifosfati', 'Coscia di suino, sale, aromi naturali', '{"calorie": 145, "proteine": 20, "carboidrati": 1, "grassi": 7}', 'None', 100, 'g', 2.80, 1.60, 340, 70, 60, '0-4°C', 'None'),
('Speck Alto Adige IGP', 'PRO-003', 11, 'Speck affumicato stagionato', 'Coscia di suino, sale, spezie', '{"calorie": 303, "proteine": 28, "carboidrati": 0.5, "grassi": 21}', 'None', 100, 'g', 3.90, 2.30, 185, 40, 90, '0-4°C', 'IGP'),
-- Salami
('Salame Milano Levoni', 'SAL-101', 12, 'Salame Milano classico', 'Carne suina, sale, spezie, vino', '{"calorie": 407, "proteine": 27, "carboidrati": 1, "grassi": 33}', 'None', 200, 'g', 5.20, 3.10, 160, 35, 120, '0-8°C', 'None'),
('Salame Felino IGP', 'SAL-102', 12, 'Salame tipico parmense', 'Carne suina, sale, pepe, aglio, vino', '{"calorie": 395, "proteine": 29, "carboidrati": 0, "grassi": 31}', 'None', 250, 'g', 6.80, 4.20, 95, 25, 150, '0-8°C', 'IGP'),
-- Succhi
('Succo d\'Arancia 100% San Benedetto', 'SUC-001', 14, 'Succo di arancia senza zuccheri aggiunti', 'Succo di arancia', '{"calorie": 45, "proteine": 0.7, "carboidrati": 10, "grassi": 0}', 'None', 1000, 'ml', 2.20, 1.15, 520, 100, 365, 'Ambiente', 'None'),
('Nettare Pesca San Benedetto', 'SUC-002', 14, 'Nettare di pesca', 'Purea di pesca, acqua, zucchero', '{"calorie": 52, "proteine": 0.3, "carboidrati": 13, "grassi": 0}', 'None', 1000, 'ml', 1.80, 0.95, 480, 90, 365, 'Ambiente', 'None'),
('Succo ACE Multivitaminico', 'SUC-003', 14, 'Succo arancia, carota, limone', 'Succo di arancia, carota, limone, vitamina C, E, A', '{"calorie": 48, "proteine": 0.5, "carboidrati": 11, "grassi": 0}', 'None', 1000, 'ml', 2.40, 1.25, 390, 80, 365, 'Ambiente', 'None'),
-- Olio
('Olio Extravergine di Oliva Monini', 'OLI-001', 16, 'Olio EVO 100% italiano', 'Olio extravergine di oliva', '{"calorie": 899, "proteine": 0, "carboidrati": 0, "grassi": 100}', 'None', 1000, 'ml', 8.50, 5.20, 280, 60, 730, 'Ambiente fresco', 'Italiano'),
('Olio EVO DOP Toscano', 'OLI-002', 16, 'Olio extravergine DOP Toscana', 'Olio extravergine di oliva toscano', '{"calorie": 899, "proteine": 0, "carboidrati": 0, "grassi": 100}', 'None', 500, 'ml', 12.00, 7.50, 120, 30, 545, 'Ambiente fresco', 'DOP'),
-- Biscotti
('Biscotti Oro Saiwa', 'BIS-001', 18, 'Biscotti classici al burro', 'Farina di grano, zucchero, burro, uova', '{"calorie": 450, "proteine": 7, "carboidrati": 70, "grassi": 15}', 'Glutine, Latte, Uova', 500, 'g', 2.80, 1.45, 420, 90, 365, 'Ambiente secco', 'None'),
('Frollini Colussi', 'BIS-002', 18, 'Frollini con granella di zucchero', 'Farina, zucchero, olio di girasole, uova', '{"calorie": 465, "proteine": 6.5, "carboidrati": 68, "grassi": 18}', 'Glutine, Uova', 350, 'g', 2.20, 1.15, 380, 80, 365, 'Ambiente secco', 'None'),
-- Surgelati
('Spinaci Surgelati Findus', 'SUR-001', 19, 'Spinaci foglia surgelati', 'Spinaci', '{"calorie": 31, "proteine": 3.4, "carboidrati": 1.4, "grassi": 0.8}', 'None', 750, 'g', 2.40, 1.30, 280, 60, 730, '-18°C', 'None'),
('Piselli Findus', 'SUR-002', 19, 'Piselli fini surgelati', 'Piselli', '{"calorie": 77, "proteine": 5.4, "carboidrati": 11, "grassi": 0.4}', 'None', 600, 'g', 2.10, 1.10, 320, 70, 730, '-18°C', 'None'),
('Misto Verdure Findus', 'SUR-003', 19, 'Mix verdure surgelate', 'Carote, piselli, fagiolini, mais', '{"calorie": 65, "proteine": 3, "carboidrati": 11, "grassi": 0.5}', 'None', 450, 'g', 1.95, 1.05, 290, 60, 730, '-18°C', 'None'),
-- Nuovi prodotti aggiunti per raggiungere 80-120 prodotti
('Paccheri Gragnano IGP', 'PST-006', 2, 'Paccheri artigianali IGP', 'Semola di grano duro, acqua', '{"calorie": 354, "proteine": 12, "carboidrati": 71, "grassi": 1.5}', 'Glutine', 500, 'g', 2.20, 1.15, 420, 80, 730, 'Ambiente secco', 'IGP'),
('Orecchiette Pugliesi', 'PST-007', 2, 'Orecchiette tradizionali', 'Semola di grano duro rimacinato, acqua', '{"calorie": 352, "proteine": 11.5, "carboidrati": 72, "grassi": 1.3}', 'Glutine', 500, 'g', 1.85, 0.95, 380, 80, 730, 'Ambiente secco', 'None'),
('Tagliatelle Fresche', 'PSF-004', 3, 'Tagliatelle all\'uovo', 'Farina di grano tenero, uova fresche', '{"calorie": 280, "proteine": 11, "carboidrati": 50, "grassi": 4}', 'Glutine, Uova', 250, 'g', 2.60, 1.35, 160, 40, 21, '0-4°C', 'None'),
('Gnocchi di Patate Freschi', 'PSF-005', 3, 'Gnocchi freschi', 'Patate, farina, sale', '{"calorie": 142, "proteine": 3.5, "carboidrati": 30, "grassi": 0.5}', 'Glutine', 500, 'g', 2.40, 1.25, 200, 50, 30, '0-4°C', 'None'),
('Riso Arborio Carnaroli', 'RIS-001', 20, 'Riso per risotti', 'Riso Carnaroli', '{"calorie": 345, "proteine": 7, "carboidrati": 77, "grassi": 0.8}', 'None', 1000, 'g', 3.20, 1.80, 550, 100, 1095, 'Ambiente secco', 'None'),
('Riso Venere Nero', 'RIS-002', 20, 'Riso integrale nero', 'Riso venere integrale', '{"calorie": 337, "proteine": 8, "carboidrati": 72, "grassi": 2}', 'None', 500, 'g', 4.50, 2.40, 280, 60, 730, 'Ambiente secco', 'Bio'),
('Sugo Arrabbiata Mutti', 'SAL-004', 5, 'Sugo piccante arrabbiata', 'Pomodoro, peperoncino, aglio, olio', '{"calorie": 85, "proteine": 2, "carboidrati": 10, "grassi": 4}', 'None', 400, 'g', 2.60, 1.40, 310, 70, 730, 'Ambiente', 'None'),
('Pesto Rosso Barilla', 'SAL-005', 5, 'Pesto pomodori secchi', 'Pomodori secchi, olio, basilico, formaggio', '{"calorie": 420, "proteine": 4, "carboidrati": 8, "grassi": 42}', 'Latte', 190, 'g', 3.40, 1.85, 340, 75, 365, 'Ambiente', 'None'),
('Ragù Bolognese Tradizionale', 'SAL-006', 5, 'Ragù di carne', 'Carne bovina, pomodoro, sedano, carota, cipolla', '{"calorie": 145, "proteine": 8, "carboidrati": 6, "grassi": 10}', 'None', 400, 'g', 3.80, 2.10, 280, 60, 365, 'Ambiente', 'None'),
('Pomodorini Ciliegino', 'CNS-004', 6, 'Pomodorini ciliegino', 'Pomodorini, succo di pomodoro', '{"calorie": 32, "proteine": 1.5, "carboidrati": 6, "grassi": 0.2}', 'None', 400, 'g', 1.80, 0.92, 440, 90, 1095, 'Ambiente', 'None'),
('Lenticchie Lessate', 'CNS-005', 6, 'Lenticchie pronte', 'Lenticchie, acqua, sale', '{"calorie": 105, "proteine": 8, "carboidrati": 16, "grassi": 0.4}', 'None', 400, 'g', 1.35, 0.68, 390, 80, 1095, 'Ambiente', 'None'),
('Olive Taggiasche', 'CNS-006', 6, 'Olive in salamoia', 'Olive taggiasche, acqua, sale', '{"calorie": 115, "proteine": 1, "carboidrati": 1, "grassi": 12}', 'None', 300, 'g', 3.20, 1.75, 260, 55, 730, 'Ambiente', 'None'),
('Carciofi sott\'olio', 'CNS-007', 6, 'Carciofi in olio', 'Carciofi, olio di semi, aceto, spezie', '{"calorie": 95, "proteine": 2, "carboidrati": 5, "grassi": 8}', 'None', 280, 'g', 2.80, 1.50, 220, 50, 545, 'Ambiente', 'None'),
('Funghi Porcini Secchi', 'CNS-008', 6, 'Funghi porcini essiccati', 'Funghi porcini', '{"calorie": 26, "proteine": 3, "carboidrati": 4, "grassi": 0.3}', 'None', 25, 'g', 5.40, 3.20, 180, 40, 730, 'Ambiente secco', 'None'),
('Pecorino Romano DOP', 'FOR-006', 8, 'Pecorino stagionato', 'Latte di pecora, sale, caglio', '{"calorie": 387, "proteine": 26, "carboidrati": 0, "grassi": 32}', 'Latte', 200, 'g', 4.20, 2.60, 165, 35, 180, '0-8°C', 'DOP'),
('Taleggio DOP', 'FOR-007', 8, 'Formaggio a pasta molle', 'Latte, sale, caglio', '{"calorie": 315, "proteine": 19, "carboidrati": 0.2, "grassi": 26}', 'Latte', 200, 'g', 3.60, 2.20, 125, 30, 45, '0-8°C', 'DOP'),
('Asiago DOP', 'FOR-008', 8, 'Asiago d\'allevo', 'Latte, sale, caglio', '{"calorie": 356, "proteine": 30, "carboidrati": 0, "grassi": 26}', 'Latte', 300, 'g', 4.80, 3.00, 140, 30, 180, '0-8°C', 'DOP'),
('Burrata Pugliese', 'FOR-009', 8, 'Burrata fresca', 'Latte, panna, caglio', '{"calorie": 330, "proteine": 17, "carboidrati": 1, "grassi": 28}', 'Latte', 200, 'g', 4.20, 2.50, 85, 25, 7, '0-4°C', 'None'),
('Fontina DOP Valle d\'Aosta', 'FOR-010', 8, 'Fontina stagionata', 'Latte, sale, caglio', '{"calorie": 389, "proteine": 25, "carboidrati": 0, "grassi": 31}', 'Latte', 250, 'g', 5.20, 3.30, 95, 22, 120, '0-8°C', 'DOP'),
('Mascarpone', 'FOR-011', 8, 'Mascarpone cremoso', 'Panna, acido citrico', '{"calorie": 455, "proteine": 7, "carboidrati": 4, "grassi": 47}', 'Latte', 500, 'g', 3.80, 2.10, 170, 40, 45, '0-4°C', 'None'),
('Yogurt alla Greca Fage Total', 'YOG-004', 9, 'Yogurt greco denso', 'Latte intero, fermenti', '{"calorie": 97, "proteine": 9, "carboidrati": 4, "grassi": 5}', 'Latte', 170, 'g', 1.80, 0.95, 390, 85, 45, '0-4°C', 'None'),
('Kefir Probiotico', 'YOG-005', 9, 'Kefir fermentato', 'Latte, fermenti kefir', '{"calorie": 65, "proteine": 3.5, "carboidrati": 5, "grassi": 3.5}', 'Latte', 500, 'ml', 2.20, 1.15, 310, 70, 21, '0-4°C', 'Bio'),
('Budino al Cioccolato', 'YOG-006', 9, 'Budino cremoso', 'Latte, cacao, zucchero, addensanti', '{"calorie": 118, "proteine": 3, "carboidrati": 18, "grassi": 4}', 'Latte', 115, 'g', 0.95, 0.50, 580, 110, 60, '0-4°C', 'None'),
('Culatello di Zibello DOP', 'PRO-004', 11, 'Culatello stagionato', 'Coscia di suino (parte nobile), sale', '{"calorie": 195, "proteine": 30, "carboidrati": 0, "grassi": 8}', 'None', 100, 'g', 8.50, 5.50, 65, 15, 90, '0-4°C', 'DOP'),
('Mortadella Bologna IGP', 'PRO-005', 11, 'Mortadella artigianale', 'Carne suina, pistacchi, spezie', '{"calorie": 288, "proteine": 15, "carboidrati": 0.5, "grassi": 25}', 'None', 100, 'g', 2.40, 1.45, 280, 60, 60, '0-4°C', 'IGP'),
('Bresaola della Valtellina IGP', 'PRO-006', 11, 'Bresaola stagionata', 'Coscia bovina, sale, aromi', '{"calorie": 151, "proteine": 32, "carboidrati": 0, "grassi": 2.6}', 'None', 80, 'g', 4.80, 3.00, 145, 32, 90, '0-4°C', 'IGP'),
('Salame Napoli', 'SAL-103', 12, 'Salame piccante napoletano', 'Carne suina, peperoncino, spezie', '{"calorie": 415, "proteine": 28, "carboidrati": 0.5, "grassi": 34}', 'None', 200, 'g', 5.60, 3.40, 120, 28, 120, '0-8°C', 'None'),
('Salsiccia Secca Toscana', 'SAL-104', 12, 'Salsiccia stagionata', 'Carne suina, finocchio, spezie', '{"calorie": 398, "proteine": 27, "carboidrati": 0, "grassi": 32}', 'None', 180, 'g', 4.80, 2.90, 105, 24, 90, '0-8°C', 'None'),
('Coppa Piacentina DOP', 'SAL-105', 12, 'Coppa stagionata', 'Spalla di suino, sale, spezie', '{"calorie": 350, "proteine": 29, "carboidrati": 0, "grassi": 26}', 'None', 150, 'g', 6.20, 3.80, 88, 20, 150, '0-8°C', 'DOP'),
('Succo Pera e Mela', 'SUC-004', 14, 'Succo misto pera mela', 'Succo pera, succo mela', '{"calorie": 47, "proteine": 0.3, "carboidrati": 11.5, "grassi": 0}', 'None', 1000, 'ml', 2.10, 1.10, 450, 95, 365, 'Ambiente', 'None'),
('Succo Ananas 100%', 'SUC-005', 14, 'Succo di ananas puro', 'Succo di ananas', '{"calorie": 50, "proteine": 0.4, "carboidrati": 12, "grassi": 0}', 'None', 1000, 'ml', 2.50, 1.30, 380, 80, 365, 'Ambiente', 'None'),
('Spremuta Pompelmo Rosa', 'SUC-006', 14, 'Spremuta pompelmo', 'Succo pompelmo rosa', '{"calorie": 39, "proteine": 0.6, "carboidrati": 9, "grassi": 0}', 'None', 750, 'ml', 2.80, 1.50, 320, 70, 365, 'Ambiente', 'None'),
('Olio EVO Bio Umbria', 'OLI-003', 16, 'Olio biologico umbro', 'Olio extravergine di oliva biologico', '{"calorie": 899, "proteine": 0, "carboidrati": 0, "grassi": 100}', 'None', 750, 'ml', 9.80, 6.20, 190, 40, 730, 'Ambiente fresco', 'Bio'),
('Olio Oliva Leggero', 'OLI-004', 16, 'Olio di oliva raffinato', 'Olio di oliva raffinato e vergine', '{"calorie": 899, "proteine": 0, "carboidrati": 0, "grassi": 100}', 'None', 1000, 'ml', 5.50, 3.30, 340, 75, 730, 'Ambiente fresco', 'None'),
('Aceto Balsamico Modena IGP', 'ACE-001', 15, 'Aceto balsamico invecchiato', 'Mosto di uve, aceto di vino', '{"calorie": 88, "proteine": 0.5, "carboidrati": 17, "grassi": 0}', 'None', 250, 'ml', 4.80, 2.80, 220, 50, 1095, 'Ambiente', 'IGP'),
('Aceto di Vino Rosso', 'ACE-002', 15, 'Aceto vino rosso', 'Vino rosso fermentato', '{"calorie": 19, "proteine": 0, "carboidrati": 0.3, "grassi": 0}', 'None', 500, 'ml', 1.80, 0.95, 380, 80, 1095, 'Ambiente', 'None'),
('Cantuccini Toscani', 'BIS-003', 18, 'Biscotti alle mandorle', 'Farina, zucchero, mandorle, uova', '{"calorie": 435, "proteine": 9, "carboidrati": 62, "grassi": 16}', 'Glutine, Uova, Frutta a guscio', 250, 'g', 3.40, 1.80, 290, 65, 365, 'Ambiente secco', 'IGP'),
('Biscotti Integrali Fibra', 'BIS-004', 18, 'Biscotti ricchi di fibre', 'Farina integrale, crusca, zucchero', '{"calorie": 420, "proteine": 8, "carboidrati": 65, "grassi": 14}', 'Glutine', 300, 'g', 2.60, 1.35, 360, 75, 365, 'Ambiente secco', 'None'),
('Grissini Torinesi', 'BIS-005', 18, 'Grissini stirati', 'Farina, olio, lievito, sale', '{"calorie": 405, "proteine": 11, "carboidrati": 72, "grassi": 9}', 'Glutine', 200, 'g', 1.90, 0.98, 420, 90, 180, 'Ambiente secco', 'None'),
('Taralli Pugliesi', 'BIS-006', 18, 'Taralli tradizionali', 'Farina, olio EVO, vino bianco', '{"calorie": 445, "proteine": 10, "carboidrati": 68, "grassi": 15}', 'Glutine', 400, 'g', 2.80, 1.45, 340, 70, 180, 'Ambiente secco', 'None'),
('Minestrone Surgelato', 'SUR-004', 19, 'Mix verdure per minestrone', 'Verdure miste', '{"calorie": 45, "proteine": 2, "carboidrati": 8, "grassi": 0.3}', 'None', 750, 'g', 2.20, 1.15, 310, 65, 730, '-18°C', 'None'),
('Broccoli Surgelati', 'SUR-005', 19, 'Broccoli cimette', 'Broccoli', '{"calorie": 34, "proteine": 2.8, "carboidrati": 4, "grassi": 0.4}', 'None', 450, 'g', 1.85, 0.95, 350, 75, 730, '-18°C', 'None'),
('Pizza Margherita Surgelata', 'SUR-006', 19, 'Pizza margherita', 'Farina, mozzarella, pomodoro, olio', '{"calorie": 235, "proteine": 9, "carboidrati": 31, "grassi": 8}', 'Glutine, Latte', 350, 'g', 3.20, 1.75, 280, 60, 365, '-18°C', 'None'),
('Mozzarella Fior di Latte', 'FOR-012', 8, 'Mozzarella vaccina fresca', 'Latte vaccino, caglio, sale', '{"calorie": 253, "proteine": 18, "carboidrati": 0.7, "grassi": 20}', 'Latte', 125, 'g', 1.85, 1.05, 320, 70, 7, '0-4°C', 'None'),
('Stracchino Crescenza', 'FOR-013', 8, 'Formaggio fresco', 'Latte, caglio', '{"calorie": 300, "proteine": 18, "carboidrati": 0.8, "grassi": 25}', 'Latte', 200, 'g', 2.40, 1.40, 240, 55, 21, '0-4°C', 'None'),
('Provolone Dolce', 'FOR-014', 8, 'Provolone a pasta filata', 'Latte, caglio', '{"calorie": 351, "proteine": 25, "carboidrati": 2, "grassi": 27}', 'Latte', 200, 'g', 3.20, 1.95, 185, 40, 90, '0-8°C', 'None'),
('Scamorza Affumicata', 'FOR-015', 8, 'Scamorza affumicata', 'Latte, caglio, affumicatura', '{"calorie": 334, "proteine": 25, "carboidrati": 1, "grassi": 26}', 'Latte', 250, 'g', 3.60, 2.10, 165, 38, 60, '0-8°C', 'None'),
('Tonno in Olio d\'Oliva', 'CON-001', 4, 'Tonno all\'olio EVO', 'Tonno, olio extravergine di oliva', '{"calorie": 198, "proteine": 25, "carboidrati": 0, "grassi": 11}', 'Pesce', 160, 'g', 3.40, 1.90, 420, 90, 1095, 'Ambiente', 'None'),
('Alici Sott\'olio', 'CON-002', 4, 'Alici in olio', 'Alici, olio, sale', '{"calorie": 210, "proteine": 20, "carboidrati": 0, "grassi": 15}', 'Pesce', 80, 'g', 2.80, 1.55, 280, 60, 730, 'Ambiente', 'None'),
('Sgombro al Naturale', 'CON-003', 4, 'Sgombro in acqua', 'Sgombro, acqua, sale', '{"calorie": 139, "proteine": 19, "carboidrati": 0, "grassi": 7}', 'Pesce', 125, 'g', 2.20, 1.20, 340, 75, 1095, 'Ambiente', 'None'),
('Passata Rustica Mutti', 'SAL-007', 5, 'Passata con pezzi', 'Pomodoro a pezzi', '{"calorie": 38, "proteine": 1.6, "carboidrati": 7, "grassi": 0.2}', 'None', 700, 'g', 1.95, 1.00, 480, 100, 1095, 'Ambiente', 'None'),
('Polpa di Pomodoro', 'SAL-008', 5, 'Polpa fine di pomodoro', 'Pomodoro', '{"calorie": 33, "proteine": 1.4, "carboidrati": 6.5, "grassi": 0.2}', 'None', 400, 'g', 1.30, 0.68, 550, 115, 1095, 'Ambiente', 'None'),
('Farina Tipo 00', 'FAR-001', 20, 'Farina bianca raffinata', 'Grano tenero', '{"calorie": 350, "proteine": 11, "carboidrati": 74, "grassi": 1}', 'Glutine', 1000, 'g', 1.20, 0.60, 680, 140, 730, 'Ambiente secco', 'None'),
('Farina Integrale Bio', 'FAR-002', 20, 'Farina integrale biologica', 'Grano tenero integrale bio', '{"calorie": 319, "proteine": 13, "carboidrati": 65, "grassi": 2.5}', 'Glutine', 1000, 'g', 2.10, 1.15, 420, 90, 365, 'Ambiente secco', 'Bio'),
('Zucchero Semolato', 'ZUC-001', 20, 'Zucchero bianco', 'Zucchero di barbabietola', '{"calorie": 392, "proteine": 0, "carboidrati": 100, "grassi": 0}', 'None', 1000, 'g', 1.40, 0.70, 750, 150, 1095, 'Ambiente secco', 'None'),
('Sale Marino Fino', 'SAL-200', 20, 'Sale da cucina', 'Sale marino', '{"calorie": 0, "proteine": 0, "carboidrati": 0, "grassi": 0}', 'None', 1000, 'g', 0.80, 0.40, 850, 180, 1825, 'Ambiente secco', 'None'),
('Miele Millefiori', 'MIE-001', 20, 'Miele naturale', 'Miele d\'api', '{"calorie": 304, "proteine": 0.3, "carboidrati": 82, "grassi": 0}', 'None', 500, 'g', 5.80, 3.50, 280, 60, 1095, 'Ambiente', 'None'),
('Marmellata Albicocche', 'MAR-001', 17, 'Confettura albicocche', 'Albicocche, zucchero', '{"calorie": 240, "proteine": 0.4, "carboidrati": 60, "grassi": 0.1}', 'None', 350, 'g', 2.80, 1.50, 320, 70, 730, 'Ambiente', 'None'),
('Nutella', 'CRE-001', 17, 'Crema spalmabile nocciola', 'Zucchero, olio, nocciole, cacao', '{"calorie": 539, "proteine": 6.3, "carboidrati": 57, "grassi": 31}', 'Latte, Frutta a guscio', 400, 'g', 4.20, 2.40, 480, 100, 365, 'Ambiente', 'None'),
('Croissant Surgelati', 'SUR-007', 19, 'Cornetti da forno', 'Farina, burro, zucchero, lievito', '{"calorie": 406, "proteine": 8, "carboidrati": 46, "grassi": 21}', 'Glutine, Latte, Uova', 300, 'g', 3.40, 1.85, 240, 55, 180, '-18°C', 'None'),
('Gelato Vaniglia', 'GEL-001', 19, 'Gelato artigianale', 'Latte, panna, zucchero, vaniglia', '{"calorie": 207, "proteine": 3.5, "carboidrati": 24, "grassi": 11}', 'Latte, Uova', 500, 'g', 4.50, 2.50, 180, 40, 365, '-18°C', 'None'),
('Gelato Cioccolato', 'GEL-002', 19, 'Gelato al cacao', 'Latte, panna, zucchero, cacao', '{"calorie": 216, "proteine": 4, "carboidrati": 28, "grassi": 11}', 'Latte, Uova', 500, 'g', 4.50, 2.50, 165, 38, 365, '-18°C', 'None'),
('Latte Intero Fresco', 'LAT-001', 7, 'Latte fresco pastorizzato', 'Latte vaccino', '{"calorie": 64, "proteine": 3.2, "carboidrati": 5, "grassi": 3.6}', 'Latte', 1000, 'ml', 1.60, 0.85, 420, 90, 7, '0-4°C', 'None'),
('Latte Parzialmente Scremato', 'LAT-002', 7, 'Latte fresco leggero', 'Latte vaccino parz. scremato', '{"calorie": 46, "proteine": 3.3, "carboidrati": 5, "grassi": 1.5}', 'Latte', 1000, 'ml', 1.45, 0.75, 480, 100, 7, '0-4°C', 'None'),
('Panna da Cucina', 'PAN-001', 7, 'Panna fresca', 'Panna di latte', '{"calorie": 337, "proteine": 2.2, "carboidrati": 3.4, "grassi": 35}', 'Latte', 200, 'ml', 1.80, 0.95, 380, 80, 21, '0-4°C', 'None'),
('Panna da Montare', 'PAN-002', 7, 'Panna fresca 35%', 'Panna di latte', '{"calorie": 345, "proteine": 2.1, "carboidrati": 3.1, "grassi": 36}', 'Latte', 500, 'ml', 2.40, 1.30, 320, 70, 30, '0-4°C', 'None');

-- Update stock quantities for some products to create variety
UPDATE products SET stock_quantity = 45 WHERE sku = 'PSF-001';
UPDATE products SET stock_quantity = 28 WHERE sku = 'FOR-003';
UPDATE products SET stock_quantity = 62 WHERE sku = 'PRO-001';
UPDATE products SET stock_quantity = 18 WHERE sku = 'SAL-102';
UPDATE products SET stock_quantity = 85 WHERE sku = 'OLI-002';

-- Seed Product-Supplier relationships
INSERT INTO product_suppliers (product_id, supplier_id, lead_time_days, minimum_order_quantity, price_per_unit, is_preferred) VALUES
(1, 1, 7, 100, 0.65, TRUE), (3, 1, 7, 100, 0.68, TRUE), (8, 1, 5, 50, 1.40, TRUE),
(2, 2, 10, 80, 0.75, TRUE), (5, 2, 10, 80, 0.73, TRUE),
(6, 10, 3, 40, 1.80, TRUE), (7, 10, 3, 40, 1.65, TRUE),
(9, 4, 14, 120, 0.95, TRUE), (11, 4, 14, 100, 1.55, TRUE), (13, 4, 14, 100, 0.72, TRUE),
(16, 3, 7, 20, 10.50, TRUE), (17, 12, 10, 15, 12.00, TRUE), (18, 3, 2, 30, 2.80, TRUE),
(19, 3, 7, 25, 1.95, TRUE), (20, 3, 2, 40, 1.30, TRUE),
(21, 8, 3, 60, 0.95, TRUE), (22, 8, 3, 80, 0.85, TRUE),
(24, 5, 5, 30, 1.60, TRUE), (26, 5, 7, 25, 3.10, TRUE),
(28, 7, 7, 100, 1.15, TRUE), (29, 7, 7, 90, 0.95, TRUE), (30, 7, 7, 80, 1.25, TRUE),
(31, 6, 14, 50, 5.20, TRUE), (32, 6, 14, 30, 7.50, TRUE),
(33, 13, 10, 70, 1.45, TRUE), (34, 13, 10, 60, 1.15, TRUE),
(35, 14, 7, 50, 1.30, TRUE), (36, 14, 7, 60, 1.10, TRUE), (37, 14, 7, 50, 1.05, TRUE),
(1, 11, 10, 120, 0.70, FALSE), (4, 11, 10, 120, 0.58, TRUE);

-- Seed Production Batches
INSERT INTO production_batches (batch_number, product_id, production_date, expiration_date, quantity_produced, quality_check_status, storage_location, notes) VALUES
('BATCH-2024-001', 6, '2024-11-01', '2024-12-16', 500, 'approved', 'Cella A1', 'Lotto conforme'),
('BATCH-2024-002', 7, '2024-11-05', '2024-12-20', 600, 'approved', 'Cella A1', 'Lotto conforme'),
('BATCH-2024-003', 8, '2024-11-10', '2024-12-10', 300, 'approved', 'Cella A2', 'Lotto conforme'),
('BATCH-2024-004', 6, '2024-11-15', '2024-12-30', 450, 'approved', 'Cella A1', 'Lotto conforme'),
('BATCH-2024-010', 17, '2024-05-01', '2025-01-15', 200, 'approved', 'Cella B3', 'Stagionatura 24 mesi'),
('BATCH-2024-011', 16, '2024-06-15', '2025-02-20', 180, 'approved', 'Cella B4', 'Grana Padano 18 mesi'),
('BATCH-2024-012', 18, '2024-11-18', '2024-12-03', 120, 'approved', 'Cella B1', 'Mozzarella fresca'),
('BATCH-2024-013', 18, '2024-11-20', '2024-12-05', 95, 'approved', 'Cella B1', 'Mozzarella fresca'),
('BATCH-2024-014', 19, '2024-10-15', '2024-12-14', 150, 'approved', 'Cella B2', 'Gorgonzola piccante'),
('BATCH-2024-015', 20, '2024-11-19', '2024-12-01', 210, 'approved', 'Cella B1', 'Ricotta fresca'),
('BATCH-2024-020', 21, '2024-11-10', '2024-12-10', 400, 'approved', 'Cella C1', 'Yogurt bianco'),
('BATCH-2024-021', 22, '2024-11-12', '2024-12-27', 450, 'approved', 'Cella C1', 'Yogurt greco'),
('BATCH-2024-022', 23, '2024-11-15', '2024-12-20', 700, 'approved', 'Cella C2', 'Yogurt frutta'),
('BATCH-2024-023', 21, '2024-11-18', '2024-12-18', 380, 'approved', 'Cella C1', 'Yogurt bianco'),
('BATCH-2024-030', 24, '2024-09-01', '2025-03-01', 350, 'approved', 'Cella D1', 'Prosciutto crudo'),
('BATCH-2024-031', 25, '2024-10-15', '2025-01-13', 340, 'approved', 'Cella D2', 'Prosciutto cotto'),
('BATCH-2024-032', 26, '2024-08-20', '2025-02-16', 170, 'approved', 'Cella D3', 'Speck affumicato'),
('BATCH-2024-033', 27, '2024-07-15', '2024-12-12', 160, 'approved', 'Cella D4', 'Salame Milano'),
('BATCH-2024-034', 28, '2024-06-10', '2024-12-07', 100, 'approved', 'Cella D5', 'Salame Felino IGP'),
('BATCH-2024-040', 6, '2024-11-20', '2025-01-04', 480, 'pending', 'Area Controllo', 'In attesa controllo'),
('BATCH-2024-041', 21, '2024-11-21', '2024-12-21', 390, 'pending', 'Area Controllo', 'In attesa controllo'),
('BATCH-2024-050', 1, '2024-03-15', '2026-03-15', 1000, 'approved', 'Magazzino A', 'Pasta secca'),
('BATCH-2024-051', 2, '2024-04-10', '2026-04-10', 800, 'approved', 'Magazzino A', 'Pasta secca'),
('BATCH-2024-052', 3, '2024-03-20', '2026-03-20', 900, 'approved', 'Magazzino A', 'Pasta secca'),
('BATCH-2024-053', 9, '2024-02-01', '2027-02-01', 1200, 'approved', 'Magazzino B', 'Passata conserva'),
('BATCH-2024-054', 13, '2024-01-15', '2027-01-15', 850, 'approved', 'Magazzino B', 'Pelati conserva'),
('BATCH-2024-055', 14, '2024-02-20', '2027-02-20', 680, 'approved', 'Magazzino B', 'Ceci conserva'),
('BATCH-2024-056', 35, '2024-06-01', '2026-06-01', 350, 'approved', 'Cella Surgelati', 'Spinaci'),
('BATCH-2024-057', 36, '2024-06-15', '2026-06-15', 400, 'approved', 'Cella Surgelati', 'Piselli'),
('BATCH-2024-058', 37, '2024-07-01', '2026-07-01', 380, 'approved', 'Cella Surgelati', 'Misto verdure');
-- Nuovi batch aggiunti per raggiungere 50-70 batch
INSERT INTO production_batches (batch_number, product_id, production_date, expiration_date, quantity_produced, quality_check_status, storage_location, notes) VALUES
('BATCH-2024-060', 38, '2024-02-10', '2026-02-10', 500, 'approved', 'Magazzino A', 'Paccheri IGP'),
('BATCH-2024-061', 39, '2024-03-05', '2026-03-05', 450, 'approved', 'Magazzino A', 'Orecchiette'),
('BATCH-2024-062', 40, '2024-11-16', '2024-12-07', 180, 'approved', 'Cella A3', 'Tagliatelle fresche'),
('BATCH-2024-063', 41, '2024-11-17', '2024-12-17', 220, 'approved', 'Cella A3', 'Gnocchi freschi'),
('BATCH-2024-064', 42, '2024-04-01', '2027-04-01', 650, 'approved', 'Magazzino B', 'Riso Carnaroli'),
('BATCH-2024-065', 43, '2024-04-15', '2026-10-15', 350, 'approved', 'Magazzino B', 'Riso Venere'),
('BATCH-2024-066', 50, '2024-05-20', '2027-05-20', 520, 'approved', 'Magazzino B', 'Carciofi sott\'olio'),
('BATCH-2024-067', 52, '2024-09-10', '2025-03-10', 200, 'approved', 'Cella B5', 'Pecorino Romano'),
('BATCH-2024-068', 53, '2024-10-25', '2024-12-09', 145, 'approved', 'Cella B2', 'Taleggio DOP'),
('BATCH-2024-069', 54, '2024-08-15', '2025-02-15', 165, 'approved', 'Cella B4', 'Asiago DOP'),
('BATCH-2024-070', 55, '2024-11-17', '2024-11-24', 95, 'approved', 'Cella B1', 'Burrata fresca'),
('BATCH-2024-071', 56, '2024-07-10', '2024-12-07', 115, 'approved', 'Cella B3', 'Fontina DOP'),
('BATCH-2024-072', 57, '2024-11-14', '2024-12-29', 190, 'approved', 'Cella B1', 'Mascarpone'),
('BATCH-2024-073', 62, '2024-09-05', '2025-03-05', 75, 'approved', 'Cella D6', 'Culatello DOP'),
('BATCH-2024-074', 63, '2024-10-12', '2024-12-11', 320, 'approved', 'Cella D2', 'Mortadella IGP'),
('BATCH-2024-075', 64, '2024-08-20', '2024-11-18', 165, 'approved', 'Cella D3', 'Bresaola IGP'),
('BATCH-2024-076', 65, '2024-07-15', '2024-11-12', 135, 'approved', 'Cella D4', 'Salame Napoli'),
('BATCH-2024-077', 66, '2024-06-25', '2024-11-23', 118, 'approved', 'Cella D5', 'Salsiccia Toscana'),
('BATCH-2024-078', 67, '2024-05-30', '2024-11-26', 98, 'approved', 'Cella D6', 'Coppa Piacentina'),
('BATCH-2024-079', 80, '2024-11-15', '2024-11-22', 340, 'approved', 'Cella B1', 'Mozzarella Fior di Latte'),
('BATCH-2024-080', 81, '2024-11-12', '2024-12-03', 270, 'approved', 'Cella B1', 'Stracchino'),
('BATCH-2024-081', 82, '2024-09-20', '2024-12-19', 210, 'approved', 'Cella B2', 'Provolone'),
('BATCH-2024-082', 83, '2024-10-05', '2024-12-04', 185, 'approved', 'Cella B2', 'Scamorza'),
('BATCH-2024-083', 38, '2024-06-15', '2026-06-15', 480, 'approved', 'Magazzino A', 'Paccheri IGP lotto 2'),
('BATCH-2024-084', 39, '2024-07-20', '2026-07-20', 420, 'approved', 'Magazzino A', 'Orecchiette lotto 2'),
('BATCH-2024-085', 40, '2024-11-20', '2024-12-11', 175, 'pending', 'Area Controllo', 'Tagliatelle in controllo'),
('BATCH-2024-086', 41, '2024-11-21', '2024-12-21', 205, 'pending', 'Area Controllo', 'Gnocchi in controllo'),
('BATCH-2024-087', 90, '2024-05-10', '2026-05-10', 800, 'approved', 'Magazzino B', 'Farina 00'),
('BATCH-2024-088', 91, '2024-04-20', '2025-04-20', 500, 'approved', 'Magazzino B', 'Farina integrale bio'),
('BATCH-2024-089', 92, '2024-03-01', '2027-03-01', 900, 'approved', 'Magazzino B', 'Zucchero'),
('BATCH-2024-090', 93, '2024-02-15', '2029-02-15', 1000, 'approved', 'Magazzino B', 'Sale marino'),
('BATCH-2024-091', 94, '2024-06-01', '2027-06-01', 350, 'approved', 'Magazzino C', 'Miele millefiori'),
('BATCH-2024-092', 95, '2024-05-15', '2026-05-15', 400, 'approved', 'Magazzino C', 'Marmellata albicocche'),
('BATCH-2024-093', 96, '2024-04-10', '2025-10-10', 550, 'approved', 'Magazzino C', 'Nutella'),
('BATCH-2024-094', 97, '2024-08-05', '2025-02-05', 280, 'approved', 'Cella Surgelati', 'Croissant surgelati'),
('BATCH-2024-095', 98, '2024-07-10', '2025-07-10', 220, 'approved', 'Cella Surgelati', 'Gelato vaniglia'),
('BATCH-2024-096', 99, '2024-07-12', '2025-07-12', 200, 'approved', 'Cella Surgelati', 'Gelato cioccolato'),
('BATCH-2024-097', 100, '2024-11-18', '2024-11-25', 480, 'approved', 'Cella C3', 'Latte intero fresco'),
('BATCH-2024-098', 101, '2024-11-19', '2024-11-26', 550, 'approved', 'Cella C3', 'Latte parz. scremato'),
('BATCH-2024-099', 102, '2024-11-16', '2024-12-07', 420, 'approved', 'Cella C2', 'Panna da cucina'),
('BATCH-2024-100', 103, '2024-11-17', '2024-12-17', 360, 'approved', 'Cella C2', 'Panna da montare');

-- Seed Customers
INSERT INTO customers (company_name, vat_number, contact_person, email, phone, address, city, postal_code, country, customer_type, credit_limit, payment_terms) VALUES
('Supermercato Conad Centro', 'IT11111111111', 'Luca Moretti', 'acquisti@conadcentro.it', '+39 051 123456', 'Via Emilia 100', 'Bologna', '40100', 'Italia', 'retailer', 50000.00, '60 giorni data fattura'),
('Esselunga Milano Nord', 'IT22222222222', 'Giulia Ferretti', 'ordini@esselunga.it', '+39 02 987654', 'Viale Monza 200', 'Milano', '20100', 'Italia', 'retailer', 100000.00, '90 giorni data fattura'),
('Coop Alleanza 3.0', 'IT33333333333', 'Marco Santini', 'fornitori@coop.it', '+39 051 234567', 'Via Stalingrado 45', 'Bologna', '40128', 'Italia', 'wholesaler', 150000.00, '60 giorni fine mese'),
('Ristorante La Pergola', 'IT44444444444', 'Chef Alessandro Verdi', 'acquisti@lapergola.it', '+39 06 35091', 'Via Alberto Cadlolo 101', 'Roma', '00136', 'Italia', 'restaurant', 10000.00, '30 giorni fine mese'),
('Trattoria Da Mario', 'IT55555555555', 'Mario Bianchi', 'damario@email.it', '+39 055 214567', 'Piazza del Mercato 8', 'Firenze', '50100', 'Italia', 'restaurant', 5000.00, '30 giorni data fattura'),
('Grossista Alimentari Rossi', 'IT66666666666', 'Roberto Rossi', 'commerciale@grossistarossi.it', '+39 011 456789', 'Corso Francia 230', 'Torino', '10100', 'Italia', 'wholesaler', 80000.00, '60 giorni data fattura'),
('Carrefour Express Napoli', 'IT77777777777', 'Anna Greco', 'manager@carrefour-napoli.it', '+39 081 654321', 'Via Toledo 350', 'Napoli', '80100', 'Italia', 'retailer', 60000.00, '90 giorni data fattura'),
('Ristorante Pizzeria Bella Napoli', 'IT88888888888', 'Giuseppe Esposito', 'info@bellanapoli.it', '+39 081 123987', 'Via dei Tribunali 94', 'Napoli', '80138', 'Italia', 'restaurant', 8000.00, '30 giorni fine mese'),
('Sigma Supermercati', 'IT99999999999', 'Laura Romano', 'acquisti@sigma.it', '+39 075 987123', 'Viale Roma 75', 'Perugia', '06100', 'Italia', 'retailer', 45000.00, '60 giorni data fattura'),
('Gastronomia Peck Milano', 'IT10101010101', 'Stefano Peck', 'ordini@peck.it', '+39 02 802301', 'Via Spadari 9', 'Milano', '20123', 'Italia', 'retailer', 35000.00, '45 giorni data fattura'),
('Eataly Roma', 'IT12121212121', 'Francesca Fontana', 'procurement@eataly-roma.it', '+39 06 45617', 'Piazzale XII Ottobre', 'Roma', '00154', 'Italia', 'retailer', 70000.00, '60 giorni fine mese'),
('Hotel Ristorante Grand Plaza', 'IT13131313131', 'Paolo Mancini', 'f&b@grandplaza.it', '+39 02 771234', 'Via Manzoni 29', 'Milano', '20121', 'Italia', 'restaurant', 25000.00, '45 giorni data fattura'),
('Distribuzione Alimentare Sud', 'IT14141414141', 'Antonio Ricci', 'vendite@distribuzionesud.it', '+39 091 567890', 'Via Libertà 156', 'Palermo', '90100', 'Italia', 'wholesaler', 120000.00, '60 giorni data fattura'),
('Bar Pasticceria Centrale', 'IT15151515151', 'Elena Martini', 'centrale@pasticceria.it', '+39 045 234567', 'Piazza Bra 14', 'Verona', '37100', 'Italia', 'restaurant', 6000.00, '30 giorni fine mese'),
('Simply Market Torino', 'IT16161616161', 'Davide Costa', 'store@simply-torino.it', '+39 011 876543', 'Corso Vittorio 88', 'Torino', '10121', 'Italia', 'retailer', 55000.00, '90 giorni data fattura'),
('Osteria Francescana', 'IT17171717171', 'Chef Massimo Bottura', 'reservations@osteriafrancescana.it', '+39 059 223912', 'Via Stella 22', 'Modena', '41121', 'Italia', 'restaurant', 15000.00, '30 giorni fine mese'),
('Catena GDO NovaCoop', 'IT18181818181', 'Simona Bellini', 'centrale.acquisti@novacoop.it', '+39 011 300234', 'Via Juvarra 20', 'Torino', '10122', 'Italia', 'wholesaler', 200000.00, '90 giorni fine mese'),
('Minimarket Il Borgo', 'IT19191919191', 'Giovanni Conti', 'ilborgo@minimarket.it', '+39 075 234876', 'Via del Corso 45', 'Assisi', '06081', 'Italia', 'retailer', 8000.00, '30 giorni data fattura'),
('Ristorante Sushi Fusion', 'IT20202020202', 'Kenji Yamamoto', 'orders@sushifusion.it', '+39 02 345678', 'Via Tortona 35', 'Milano', '20144', 'Italia', 'restaurant', 12000.00, '30 giorni fine mese'),
('Alimentari Bio Verde', 'IT21212121212', 'Chiara Betti', 'info@bioverde.it', '+39 055 987234', 'Via San Niccolò 56', 'Firenze', '50125', 'Italia', 'retailer', 20000.00, '45 giorni data fattura');
-- Nuovi clienti aggiunti per raggiungere 30-40 clienti
INSERT INTO customers (company_name, vat_number, contact_person, email, phone, address, city, postal_code, country, customer_type, credit_limit, payment_terms) VALUES
('Despar Padova Centro', 'IT22222222221', 'Alberto Moro', 'acquisti@despar-padova.it', '+39 049 876234', 'Via Roma 145', 'Padova', '35100', 'Italia', 'retailer', 65000.00, '60 giorni data fattura'),
('Ristorante La Terrazza', 'IT23232323232', 'Valentina Russo', 'direzione@laterrazza.it', '+39 010 345678', 'Via XX Settembre 78', 'Genova', '16100', 'Italia', 'restaurant', 9000.00, '30 giorni fine mese'),
('Metro Cash&Carry Bari', 'IT24242424242', 'Francesco Leone', 'ordini@metro-bari.it', '+39 080 456789', 'Via Casamassima 234', 'Bari', '70100', 'Italia', 'wholesaler', 180000.00, '90 giorni fine mese'),
('Pizzeria Da Gino', 'IT25252525252', 'Gino Esposito', 'dagino@pizzeria.it', '+39 081 234987', 'Piazza Garibaldi 12', 'Napoli', '80142', 'Italia', 'restaurant', 6500.00, '30 giorni data fattura'),
('Lidl Catania', 'IT26262626262', 'Maria Greco', 'store@lidl-catania.it', '+39 095 567890', 'Viale Kennedy 89', 'Catania', '95100', 'Italia', 'retailer', 70000.00, '90 giorni data fattura'),
('Osteria Il Gambero Rosso', 'IT27272727272', 'Tommaso Marini', 'info@gambe rorosso.it', '+39 06 123456', 'Via Veneto 23', 'Roma', '00187', 'Italia', 'restaurant', 11000.00, '30 giorni fine mese'),
('Eurospin Ancona', 'IT28282828282', 'Simone Carletti', 'manager@eurospin-ancona.it', '+39 071 234567', 'Via Flaminia 156', 'Ancona', '60100', 'Italia', 'retailer', 50000.00, '60 giorni data fattura'),
('Trattoria Nonna Rosa', 'IT29292929292', 'Rosa Lombardi', 'nonnarosa@trattoria.it', '+39 011 345789', 'Via Po 67', 'Torino', '10124', 'Italia', 'restaurant', 7500.00, '30 giorni fine mese'),
('Pam Panorama Brescia', 'IT30303030303', 'Davide Fontana', 'acquisti@pam-brescia.it', '+39 030 234567', 'Viale Italia 234', 'Brescia', '25100', 'Italia', 'retailer', 75000.00, '60 giorni fine mese'),
('Mensa Aziendale TechPark', 'IT31313131313', 'Laura Barbieri', 'catering@techpark.it', '+39 02 456789', 'Via Innovazione 45', 'Milano', '20143', 'Italia', 'restaurant', 15000.00, '45 giorni data fattura'),
('Tigros Monza', 'IT32323232323', 'Andrea Colombo', 'store@tigros-monza.it', '+39 039 876543', 'Corso Milano 89', 'Monza', '20900', 'Italia', 'retailer', 60000.00, '90 giorni data fattura'),
('Agriturismo Valle Verde', 'IT33333333334', 'Claudia Bernardi', 'info@valleverde.it', '+39 0577 123456', 'Strada Provinciale 45', 'Siena', '53100', 'Italia', 'restaurant', 8000.00, '30 giorni fine mese'),
('Penny Market Pescara', 'IT34343434343', 'Massimo Di Pietro', 'direzione@penny-pescara.it', '+39 085 234567', 'Via Tiburtina 178', 'Pescara', '65100', 'Italia', 'retailer', 55000.00, '60 giorni data fattura'),
('Ristorante Stella Michelin', 'IT35353535353', 'Chef Antonio Ricci', 'reservations@stellamichelin.it', '+39 02 876543', 'Corso Venezia 12', 'Milano', '20121', 'Italia', 'restaurant', 18000.00, '30 giorni fine mese'),
('Alì Supermercati Verona', 'IT36363636363', 'Giulia Romano', 'ordini@ali-verona.it', '+39 045 345678', 'Via Mantovana 234', 'Verona', '37100', 'Italia', 'retailer', 68000.00, '60 giorni fine mese'),
('Caffetteria Centrale', 'IT37373737373', 'Pietro Galli', 'centrale@caffe.it', '+39 051 456789', 'Piazza Maggiore 8', 'Bologna', '40124', 'Italia', 'restaurant', 5000.00, '30 giorni data fattura'),
('U2 Supermercato Perugia', 'IT38383838383', 'Federica Neri', 'manager@u2-perugia.it', '+39 075 567890', 'Via Settevalli 89', 'Perugia', '06100', 'Italia', 'retailer', 52000.00, '60 giorni fine mese'),
('Pizzeria Ristorante Napul\'è', 'IT39393939393', 'Salvatore Russo', 'napule@pizzeria.it', '+39 081 765432', 'Via Marina 145', 'Napoli', '80100', 'Italia', 'restaurant', 7000.00, '30 giorni fine mese'),
('Distribuzione Grossisti Centro', 'IT40404040404', 'Marco Rinaldi', 'commerciale@dgcentro.it', '+39 06 234567', 'Via Tiburtina 567', 'Roma', '00159', 'Italia', 'wholesaler', 140000.00, '90 giorni fine mese');

-- Seed Orders
INSERT INTO orders (order_number, customer_id, order_date, delivery_date, delivery_address, status, notes) VALUES
('ORD-2024-1001', 1, '2024-10-15', '2024-10-22', 'Via Emilia 100, Bologna', 'delivered', 'Ordine settimanale'),
('ORD-2024-1002', 2, '2024-10-18', '2024-10-25', 'Viale Monza 200, Milano', 'delivered', 'Rifornimento mensile'),
('ORD-2024-1003', 4, '2024-10-20', '2024-10-23', 'Via Alberto Cadlolo 101, Roma', 'delivered', 'Prodotti freschi'),
('ORD-2024-1004', 5, '2024-10-22', '2024-10-25', 'Piazza del Mercato 8, Firenze', 'delivered', 'Ordine bisettimanale'),
('ORD-2024-1005', 3, '2024-10-25', '2024-11-01', 'Via Stalingrado 45, Bologna', 'delivered', 'Grande ordine mensile'),
('ORD-2024-1006', 6, '2024-10-28', '2024-11-04', 'Corso Francia 230, Torino', 'delivered', 'Rifornimento grossista'),
('ORD-2024-1007', 7, '2024-11-01', '2024-11-08', 'Via Toledo 350, Napoli', 'delivered', 'Ordine promozionale'),
('ORD-2024-1008', 8, '2024-11-03', '2024-11-06', 'Via dei Tribunali 94, Napoli', 'delivered', 'Prodotti weekend'),
('ORD-2024-1009', 10, '2024-11-05', '2024-11-08', 'Via Spadari 9, Milano', 'delivered', 'Selezione premium'),
('ORD-2024-1010', 11, '2024-11-07', '2024-11-12', 'Piazzale XII Ottobre, Roma', 'delivered', 'Prodotti Eataly'),
('ORD-2024-1011', 1, '2024-11-08', '2024-11-15', 'Via Emilia 100, Bologna', 'shipped', 'Ordine settimanale'),
('ORD-2024-1012', 12, '2024-11-10', '2024-11-13', 'Via Manzoni 29, Milano', 'shipped', 'Forniture hotel'),
('ORD-2024-1013', 13, '2024-11-12', '2024-11-18', 'Via Libertà 156, Palermo', 'in_production', 'Distribuzione Sud'),
('ORD-2024-1014', 4, '2024-11-14', '2024-11-17', 'Via Alberto Cadlolo 101, Roma', 'in_production', 'Rifornimento'),
('ORD-2024-1015', 15, '2024-11-15', '2024-11-22', 'Corso Vittorio 88, Torino', 'confirmed', 'Ordine Simply'),
('ORD-2024-1016', 16, '2024-11-16', '2024-11-19', 'Via Stella 22, Modena', 'confirmed', 'Chef stellato'),
('ORD-2024-1017', 17, '2024-11-17', '2024-11-24', 'Via Juvarra 20, Torino', 'confirmed', 'Ordine GDO'),
('ORD-2024-1018', 2, '2024-11-18', '2024-11-25', 'Viale Monza 200, Milano', 'pending', 'In verifica'),
('ORD-2024-1019', 9, '2024-11-19', '2024-11-26', 'Viale Roma 75, Perugia', 'pending', 'In verifica'),
('ORD-2024-1020', 20, '2024-11-20', '2024-11-23', 'Via San Niccolò 56, Firenze', 'pending', 'Prodotti bio');
-- Nuovi ordini aggiunti per raggiungere 60-100 ordini
INSERT INTO orders (order_number, customer_id, order_date, delivery_date, delivery_address, status, notes) VALUES
('ORD-2024-1021', 21, '2024-08-05', '2024-08-12', 'Via Roma 145, Padova', 'delivered', 'Ordine completo'),
('ORD-2024-1022', 22, '2024-08-10', '2024-08-13', 'Via XX Settembre 78, Genova', 'delivered', 'Ristorante terrazza'),
('ORD-2024-1023', 23, '2024-08-15', '2024-08-22', 'Via Casamassima 234, Bari', 'delivered', 'Grossista Sud'),
('ORD-2024-1024', 24, '2024-08-20', '2024-08-23', 'Piazza Garibaldi 12, Napoli', 'delivered', 'Pizzeria settimanale'),
('ORD-2024-1025', 25, '2024-08-25', '2024-09-01', 'Viale Kennedy 89, Catania', 'delivered', 'Lidl mensile'),
('ORD-2024-1026', 26, '2024-09-01', '2024-09-04', 'Via Veneto 23, Roma', 'delivered', 'Gambero Rosso'),
('ORD-2024-1027', 27, '2024-09-05', '2024-09-12', 'Via Flaminia 156, Ancona', 'delivered', 'Eurospin'),
('ORD-2024-1028', 28, '2024-09-10', '2024-09-13', 'Via Po 67, Torino', 'delivered', 'Nonna Rosa'),
('ORD-2024-1029', 29, '2024-09-15', '2024-09-22', 'Viale Italia 234, Brescia', 'delivered', 'Pam Panorama'),
('ORD-2024-1030', 30, '2024-09-20', '2024-09-25', 'Via Innovazione 45, Milano', 'delivered', 'Mensa aziendale'),
('ORD-2024-1031', 31, '2024-09-25', '2024-10-02', 'Corso Milano 89, Monza', 'delivered', 'Tigros'),
('ORD-2024-1032', 32, '2024-09-28', '2024-10-01', 'Strada Provinciale 45, Siena', 'delivered', 'Agriturismo'),
('ORD-2024-1033', 33, '2024-10-01', '2024-10-08', 'Via Tiburtina 178, Pescara', 'delivered', 'Penny Market'),
('ORD-2024-1034', 34, '2024-10-05', '2024-10-08', 'Corso Venezia 12, Milano', 'delivered', 'Stella Michelin'),
('ORD-2024-1035', 35, '2024-10-10', '2024-10-17', 'Via Mantovana 234, Verona', 'delivered', 'Alì Supermercati'),
('ORD-2024-1036', 36, '2024-10-12', '2024-10-15', 'Piazza Maggiore 8, Bologna', 'delivered', 'Caffetteria'),
('ORD-2024-1037', 37, '2024-10-15', '2024-10-22', 'Via Settevalli 89, Perugia', 'delivered', 'U2 Supermercato'),
('ORD-2024-1038', 38, '2024-10-18', '2024-10-21', 'Via Marina 145, Napoli', 'delivered', 'Napul\'è'),
('ORD-2024-1039', 39, '2024-10-20', '2024-10-27', 'Via Tiburtina 567, Roma', 'delivered', 'Grossisti Centro'),
('ORD-2024-1040', 1, '2024-10-22', '2024-10-29', 'Via Emilia 100, Bologna', 'delivered', 'Rifornimento'),
('ORD-2024-1041', 21, '2024-10-25', '2024-11-01', 'Via Roma 145, Padova', 'delivered', 'Despar mensile'),
('ORD-2024-1042', 22, '2024-10-28', '2024-10-31', 'Via XX Settembre 78, Genova', 'delivered', 'Ristorante weekend'),
('ORD-2024-1043', 23, '2024-10-30', '2024-11-06', 'Via Casamassima 234, Bari', 'delivered', 'Metro grossista'),
('ORD-2024-1044', 24, '2024-11-01', '2024-11-04', 'Piazza Garibaldi 12, Napoli', 'delivered', 'Gino pizza'),
('ORD-2024-1045', 5, '2024-11-03', '2024-11-08', 'Piazza del Mercato 8, Firenze', 'shipped', 'Da Mario'),
('ORD-2024-1046', 25, '2024-11-05', '2024-11-12', 'Viale Kennedy 89, Catania', 'shipped', 'Lidl settimanale'),
('ORD-2024-1047', 26, '2024-11-07', '2024-11-10', 'Via Veneto 23, Roma', 'shipped', 'Osteria'),
('ORD-2024-1048', 27, '2024-11-09', '2024-11-16', 'Via Flaminia 156, Ancona', 'shipped', 'Eurospin'),
('ORD-2024-1049', 6, '2024-11-10', '2024-11-17', 'Corso Francia 230, Torino', 'shipped', 'Grossista Rossi'),
('ORD-2024-1050', 28, '2024-11-11', '2024-11-14', 'Via Po 67, Torino', 'shipped', 'Trattoria'),
('ORD-2024-1051', 29, '2024-11-12', '2024-11-19', 'Viale Italia 234, Brescia', 'in_production', 'Pam rifornimento'),
('ORD-2024-1052', 30, '2024-11-13', '2024-11-18', 'Via Innovazione 45, Milano', 'in_production', 'Mensa'),
('ORD-2024-1053', 31, '2024-11-14', '2024-11-21', 'Corso Milano 89, Monza', 'in_production', 'Tigros'),
('ORD-2024-1054', 32, '2024-11-15', '2024-11-18', 'Strada Provinciale 45, Siena', 'in_production', 'Agriturismo'),
('ORD-2024-1055', 8, '2024-11-16', '2024-11-19', 'Via dei Tribunali 94, Napoli', 'confirmed', 'Bella Napoli'),
('ORD-2024-1056', 33, '2024-11-17', '2024-11-24', 'Via Tiburtina 178, Pescara', 'confirmed', 'Penny'),
('ORD-2024-1057', 34, '2024-11-18', '2024-11-21', 'Corso Venezia 12, Milano', 'confirmed', 'Stella'),
('ORD-2024-1058', 35, '2024-11-19', '2024-11-26', 'Via Mantovana 234, Verona', 'confirmed', 'Alì'),
('ORD-2024-1059', 14, '2024-11-20', '2024-11-23', 'Piazza Bra 14, Verona', 'pending', 'Pasticceria'),
('ORD-2024-1060', 36, '2024-11-20', '2024-11-23', 'Piazza Maggiore 8, Bologna', 'pending', 'Caffetteria'),
('ORD-2024-1061', 37, '2024-11-21', '2024-11-28', 'Via Settevalli 89, Perugia', 'pending', 'U2'),
('ORD-2024-1062', 38, '2024-11-21', '2024-11-24', 'Via Marina 145, Napoli', 'pending', 'Napulè'),
('ORD-2024-1063', 39, '2024-11-21', '2024-11-28', 'Via Tiburtina 567, Roma', 'pending', 'Grossisti'),
('ORD-2024-1064', 1, '2024-07-15', '2024-07-22', 'Via Emilia 100, Bologna', 'delivered', 'Estate 2024'),
('ORD-2024-1065', 2, '2024-07-20', '2024-07-27', 'Viale Monza 200, Milano', 'delivered', 'Luglio'),
('ORD-2024-1066', 3, '2024-07-25', '2024-08-01', 'Via Stalingrado 45, Bologna', 'delivered', 'Coop luglio'),
('ORD-2024-1067', 4, '2024-06-10', '2024-06-13', 'Via Alberto Cadlolo 101, Roma', 'delivered', 'La Pergola'),
('ORD-2024-1068', 5, '2024-06-15', '2024-06-18', 'Piazza del Mercato 8, Firenze', 'delivered', 'Mario giugno'),
('ORD-2024-1069', 6, '2024-06-20', '2024-06-27', 'Corso Francia 230, Torino', 'delivered', 'Rossi giugno'),
('ORD-2024-1070', 7, '2024-06-25', '2024-07-02', 'Via Toledo 350, Napoli', 'delivered', 'Carrefour'),
('ORD-2024-1071', 10, '2024-05-10', '2024-05-13', 'Via Spadari 9, Milano', 'delivered', 'Peck maggio'),
('ORD-2024-1072', 11, '2024-05-15', '2024-05-20', 'Piazzale XII Ottobre, Roma', 'delivered', 'Eataly'),
('ORD-2024-1073', 12, '2024-05-20', '2024-05-23', 'Via Manzoni 29, Milano', 'delivered', 'Grand Plaza'),
('ORD-2024-1074', 13, '2024-05-25', '2024-06-01', 'Via Libertà 156, Palermo', 'delivered', 'Distribuzione Sud'),
('ORD-2024-1075', 15, '2024-04-10', '2024-04-17', 'Corso Vittorio 88, Torino', 'delivered', 'Simply aprile'),
('ORD-2024-1076', 16, '2024-04-15', '2024-04-18', 'Via Stella 22, Modena', 'delivered', 'Francescana'),
('ORD-2024-1077', 17, '2024-04-20', '2024-04-27', 'Via Juvarra 20, Torino', 'delivered', 'NovaCoop'),
('ORD-2024-1078', 18, '2024-04-25', '2024-04-28', 'Via del Corso 45, Assisi', 'delivered', 'Il Borgo'),
('ORD-2024-1079', 19, '2024-03-10', '2024-03-13', 'Via Tortona 35, Milano', 'delivered', 'Sushi Fusion'),
('ORD-2024-1080', 20, '2024-03-15', '2024-03-18', 'Via San Niccolò 56, Firenze', 'delivered', 'Bio Verde'),
('ORD-2024-1081', 21, '2024-03-20', '2024-03-27', 'Via Roma 145, Padova', 'delivered', 'Despar marzo'),
('ORD-2024-1082', 22, '2024-03-25', '2024-03-28', 'Via XX Settembre 78, Genova', 'delivered', 'Terrazza'),
('ORD-2024-1083', 23, '2024-02-10', '2024-02-17', 'Via Casamassima 234, Bari', 'delivered', 'Metro febbraio'),
('ORD-2024-1084', 24, '2024-02-15', '2024-02-18', 'Piazza Garibaldi 12, Napoli', 'delivered', 'Gino febbraio'),
('ORD-2024-1085', 25, '2024-02-20', '2024-02-27', 'Viale Kennedy 89, Catania', 'delivered', 'Lidl febbraio'),
('ORD-2024-1086', 1, '2024-01-10', '2024-01-17', 'Via Emilia 100, Bologna', 'delivered', 'Anno nuovo'),
('ORD-2024-1087', 2, '2024-01-15', '2024-01-22', 'Viale Monza 200, Milano', 'delivered', 'Gennaio'),
('ORD-2024-1088', 3, '2024-01-20', '2024-01-27', 'Via Stalingrado 45, Bologna', 'delivered', 'Coop inizio anno'),
('ORD-2024-1089', 26, '2024-01-25', '2024-01-28', 'Via Veneto 23, Roma', 'delivered', 'Gambero gennaio'),
('ORD-2024-1090', 27, '2024-01-30', '2024-02-06', 'Via Flaminia 156, Ancona', 'delivered', 'Eurospin gennaio'),
('ORD-2024-1091', 28, '2024-02-05', '2024-02-08', 'Via Po 67, Torino', 'delivered', 'Nonna Rosa feb'),
('ORD-2024-1092', 29, '2024-02-28', '2024-03-06', 'Viale Italia 234, Brescia', 'delivered', 'Pam febbraio'),
('ORD-2024-1093', 30, '2024-03-05', '2024-03-10', 'Via Innovazione 45, Milano', 'delivered', 'Mensa marzo'),
('ORD-2024-1094', 31, '2024-03-30', '2024-04-06', 'Corso Milano 89, Monza', 'delivered', 'Tigros marzo'),
('ORD-2024-1095', 32, '2024-04-05', '2024-04-08', 'Strada Provinciale 45, Siena', 'delivered', 'Agriturismo primavera'),
('ORD-2024-1096', 33, '2024-04-30', '2024-05-07', 'Via Tiburtina 178, Pescara', 'delivered', 'Penny aprile'),
('ORD-2024-1097', 34, '2024-05-05', '2024-05-08', 'Corso Venezia 12, Milano', 'delivered', 'Stella primavera'),
('ORD-2024-1098', 35, '2024-05-30', '2024-06-06', 'Via Mantovana 234, Verona', 'delivered', 'Alì maggio'),
('ORD-2024-1099', 36, '2024-06-05', '2024-06-08', 'Piazza Maggiore 8, Bologna', 'delivered', 'Caffetteria giugno'),
('ORD-2024-1100', 37, '2024-06-30', '2024-07-07', 'Via Settevalli 89, Perugia', 'delivered', 'U2 estate');

-- Seed Order Items
INSERT INTO order_items (order_id, product_id, quantity, unit_price, discount_percent, subtotal, batch_id) VALUES
(1, 1, 100, 1.20, 5, 114.00, 22), (1, 2, 80, 1.45, 5, 110.20, 23), (1, 9, 50, 1.80, 0, 90.00, 26),
(1, 17, 10, 18.50, 0, 185.00, 5), (1, 21, 40, 1.80, 0, 72.00, 10),
(2, 3, 120, 1.25, 10, 135.00, 24), (2, 6, 60, 3.50, 5, 199.50, 1), (2, 16, 15, 16.00, 0, 240.00, 6),
(2, 24, 50, 4.50, 0, 225.00, 15), (2, 31, 20, 8.50, 0, 170.00, NULL),
(3, 6, 25, 3.50, 0, 87.50, 1), (3, 7, 30, 3.30, 0, 99.00, 2), (3, 17, 5, 18.50, 0, 92.50, 5),
(4, 1, 50, 1.20, 0, 60.00, 22), (4, 9, 30, 1.80, 0, 54.00, 26), (4, 13, 40, 1.40, 0, 56.00, 27),
(5, 1, 200, 1.20, 15, 204.00, 22), (5, 2, 150, 1.45, 15, 184.88, 23), (5, 3, 180, 1.25, 15, 191.25, 24),
(5, 9, 100, 1.80, 10, 162.00, 26), (5, 17, 20, 18.50, 5, 351.50, 5),
(6, 4, 100, 1.10, 10, 99.00, NULL), (6, 14, 60, 1.20, 10, 64.80, 28), (6, 27, 25, 5.20, 5, 123.50, 18),
(7, 1, 80, 1.20, 8, 88.32, 22), (7, 16, 12, 16.00, 0, 192.00, 6), (7, 28, 40, 2.20, 5, 83.60, NULL),
(8, 2, 40, 1.45, 0, 58.00, 23), (8, 9, 25, 1.80, 0, 45.00, 26), (8, 18, 10, 4.80, 0, 48.00, 7),
(9, 16, 8, 16.00, 0, 128.00, 6), (9, 17, 12, 18.50, 0, 222.00, 5), (9, 24, 20, 4.50, 0, 90.00, 15),
(10, 6, 50, 3.50, 5, 166.25, 1), (10, 10, 40, 3.20, 5, 121.60, NULL), (10, 17, 15, 18.50, 0, 277.50, 5),
(11, 1, 90, 1.20, 5, 102.60, 22), (11, 3, 70, 1.25, 5, 83.13, 24), (11, 21, 50, 1.80, 0, 90.00, 11),
(12, 6, 40, 3.50, 0, 140.00, 4), (12, 17, 8, 18.50, 0, 148.00, 5), (12, 20, 25, 2.40, 0, 60.00, 10),
(13, 1, 300, 1.20, 20, 288.00, 22), (13, 2, 250, 1.45, 20, 290.00, 23), (13, 9, 150, 1.80, 15, 229.50, 26),
(14, 7, 35, 3.30, 0, 115.50, 2), (14, 17, 10, 18.50, 0, 185.00, 5), (14, 24, 12, 4.50, 0, 54.00, 15),
(15, 1, 110, 1.20, 10, 118.80, 22), (15, 9, 60, 1.80, 10, 97.20, 26), (15, 21, 70, 1.80, 10, 113.40, 11),
(16, 6, 20, 3.50, 0, 70.00, 4), (16, 17, 6, 18.50, 0, 111.00, 5), (16, 18, 8, 4.80, 0, 38.40, 7),
(17, 1, 250, 1.20, 18, 246.00, 22), (17, 3, 200, 1.25, 18, 205.00, 24), (17, 9, 120, 1.80, 15, 183.60, 26),
(18, 2, 100, 1.45, 10, 130.50, 23), (18, 16, 18, 16.00, 5, 273.60, 6), (18, 28, 50, 2.20, 5, 104.50, NULL),
(19, 1, 70, 1.20, 8, 77.28, 22), (19, 21, 55, 1.80, 8, 91.08, 11), (19, 35, 40, 2.40, 8, 88.32, 29),
(20, 9, 35, 1.80, 5, 59.85, 26), (20, 31, 15, 8.50, 5, 121.13, NULL), (20, 32, 8, 12.00, 5, 91.20, NULL);
-- Nuovi order items per gli ordini aggiunti
INSERT INTO order_items (order_id, product_id, quantity, unit_price, discount_percent, subtotal, batch_id) VALUES
(21, 38, 60, 2.20, 8, 121.44, 60), (21, 42, 40, 3.20, 8, 117.76, 64),
(22, 52, 8, 4.20, 0, 33.60, 67), (22, 55, 6, 4.20, 0, 25.20, 70),
(23, 1, 180, 1.20, 12, 190.08, 22), (23, 2, 150, 1.45, 12, 191.40, 23), (23, 38, 120, 2.20, 12, 232.32, 60),
(24, 2, 55, 1.45, 0, 79.75, 23), (24, 9, 40, 1.80, 0, 72.00, 26),
(25, 3, 100, 1.25, 10, 112.50, 24), (25, 16, 15, 16.00, 0, 240.00, 6), (25, 100, 80, 1.60, 10, 115.20, 97),
(26, 52, 10, 4.20, 0, 42.00, 67), (26, 55, 8, 4.20, 0, 33.60, 70), (26, 62, 6, 8.50, 0, 51.00, 73),
(27, 1, 95, 1.20, 9, 103.74, 22), (27, 28, 55, 2.20, 9, 109.78, NULL), (27, 35, 45, 2.40, 9, 98.28, 29),
(28, 6, 30, 3.50, 0, 105.00, 1), (28, 7, 25, 3.30, 0, 82.50, 2), (28, 52, 5, 4.20, 0, 21.00, 67),
(29, 1, 110, 1.20, 11, 117.48, 22), (29, 3, 90, 1.25, 11, 100.13, 24), (29, 16, 14, 16.00, 0, 224.00, 6),
(30, 21, 70, 1.80, 0, 126.00, 11), (30, 22, 60, 1.60, 0, 96.00, NULL), (30, 80, 50, 1.85, 0, 92.50, 79),
(31, 1, 105, 1.20, 10, 113.40, 22), (31, 28, 60, 2.20, 10, 118.80, NULL),
(32, 52, 12, 4.20, 0, 50.40, 67), (32, 94, 8, 5.80, 0, 46.40, 91), (32, 95, 10, 2.80, 0, 28.00, 92),
(33, 1, 85, 1.20, 9, 92.82, 22), (33, 9, 50, 1.80, 9, 81.90, 26),
(34, 52, 15, 4.20, 0, 63.00, 67), (34, 62, 10, 8.50, 0, 85.00, 73), (34, 64, 8, 4.80, 0, 38.40, 75),
(35, 1, 120, 1.20, 11, 128.16, 22), (35, 16, 16, 16.00, 0, 256.00, 6), (35, 100, 90, 1.60, 11, 128.16, 97),
(36, 21, 45, 1.80, 0, 81.00, 11), (36, 95, 25, 2.80, 0, 70.00, 92), (36, 96, 20, 4.20, 0, 84.00, 93),
(37, 1, 95, 1.20, 10, 102.60, 22), (37, 28, 50, 2.20, 10, 99.00, NULL),
(38, 2, 65, 1.45, 0, 94.25, 23), (38, 9, 45, 1.80, 0, 81.00, 26), (38, 80, 30, 1.85, 0, 55.50, 79),
(39, 1, 200, 1.20, 15, 204.00, 22), (39, 2, 180, 1.45, 15, 222.30, 23), (39, 9, 120, 1.80, 15, 183.60, 26),
(40, 1, 75, 1.20, 6, 84.60, 22), (40, 21, 50, 1.80, 6, 84.60, 11),
(41, 38, 50, 2.20, 8, 101.20, 60), (41, 42, 35, 3.20, 8, 103.04, 64),
(42, 52, 7, 4.20, 0, 29.40, 67), (42, 55, 5, 4.20, 0, 21.00, 70),
(43, 1, 160, 1.20, 12, 169.34, 22), (43, 16, 18, 16.00, 0, 288.00, 6),
(44, 2, 48, 1.45, 0, 69.60, 23), (44, 9, 38, 1.80, 0, 68.40, 26),
(45, 6, 28, 3.50, 0, 98.00, 4), (45, 7, 24, 3.30, 0, 79.20, 2),
(46, 1, 88, 1.20, 10, 95.04, 22), (46, 100, 75, 1.60, 10, 108.00, 97),
(47, 52, 9, 4.20, 0, 37.80, 67), (47, 62, 7, 8.50, 0, 59.50, 73),
(48, 1, 82, 1.20, 9, 89.21, 22), (48, 28, 48, 2.20, 9, 95.57, NULL),
(49, 1, 140, 1.20, 13, 146.16, 22), (49, 9, 90, 1.80, 13, 141.21, 26),
(50, 21, 55, 1.80, 0, 99.00, 11), (50, 52, 8, 4.20, 0, 33.60, 67),
(51, 1, 98, 1.20, 11, 104.54, 22), (51, 16, 15, 16.00, 0, 240.00, 6),
(52, 21, 62, 1.80, 0, 111.60, 11), (52, 100, 68, 1.60, 0, 108.80, 97),
(53, 1, 92, 1.20, 10, 99.36, 22), (53, 3, 75, 1.25, 10, 84.38, 24),
(54, 52, 11, 4.20, 0, 46.20, 67), (54, 94, 7, 5.80, 0, 40.60, 91),
(55, 6, 32, 3.50, 0, 112.00, 4), (55, 7, 28, 3.30, 0, 92.40, 2),
(56, 1, 78, 1.20, 9, 85.18, 22), (56, 9, 52, 1.80, 9, 85.18, 26),
(57, 52, 13, 4.20, 0, 54.60, 67), (57, 55, 10, 4.20, 0, 42.00, 70),
(58, 1, 108, 1.20, 11, 115.13, 22), (58, 16, 17, 16.00, 0, 272.00, 6),
(59, 21, 48, 1.80, 0, 86.40, 11), (59, 95, 22, 2.80, 0, 61.60, 92),
(60, 21, 40, 1.80, 0, 72.00, 11), (60, 96, 18, 4.20, 0, 75.60, 93),
(61, 1, 72, 1.20, 8, 79.49, 22), (61, 28, 44, 2.20, 8, 88.70, NULL),
(62, 2, 58, 1.45, 0, 84.10, 23), (62, 80, 28, 1.85, 0, 51.80, 79),
(63, 1, 175, 1.20, 14, 180.60, 22), (63, 2, 155, 1.45, 14, 191.67, 23),
(64, 1, 68, 1.20, 5, 77.52, 22), (64, 21, 45, 1.80, 5, 76.95, 11),
(65, 1, 115, 1.20, 12, 121.44, 22), (65, 3, 95, 1.25, 12, 104.50, 24),
(66, 1, 155, 1.20, 13, 161.76, 22), (66, 9, 105, 1.80, 13, 164.43, 26),
(67, 6, 22, 3.50, 0, 77.00, 4), (67, 52, 6, 4.20, 0, 25.20, 67),
(68, 6, 26, 3.50, 0, 91.00, 4), (68, 7, 22, 3.30, 0, 72.60, 2),
(69, 1, 125, 1.20, 11, 133.50, 22), (69, 16, 14, 16.00, 0, 224.00, 6),
(70, 1, 72, 1.20, 8, 79.49, 22), (70, 28, 42, 2.20, 8, 84.67, NULL),
(71, 52, 14, 4.20, 0, 58.80, 67), (71, 62, 9, 8.50, 0, 76.50, 73),
(72, 16, 19, 16.00, 0, 304.00, 6), (72, 17, 16, 18.50, 0, 296.00, 5),
(73, 1, 135, 1.20, 11, 144.18, 22), (73, 9, 88, 1.80, 11, 140.98, 26),
(74, 1, 165, 1.20, 14, 170.28, 22), (74, 2, 145, 1.45, 14, 179.81, 23),
(75, 1, 102, 1.20, 10, 110.16, 22), (75, 3, 84, 1.25, 10, 94.50, 24),
(76, 52, 16, 4.20, 0, 67.20, 67), (76, 64, 12, 4.80, 0, 57.60, 75),
(77, 1, 148, 1.20, 13, 154.42, 22), (77, 16, 20, 16.00, 0, 320.00, 6),
(78, 2, 52, 1.45, 0, 75.40, 23), (78, 80, 24, 1.85, 0, 44.40, 79),
(79, 52, 17, 4.20, 0, 71.40, 67), (79, 55, 13, 4.20, 0, 54.60, 70),
(80, 1, 78, 1.20, 7, 87.10, 22), (80, 21, 52, 1.80, 7, 87.10, 11),
(81, 38, 55, 2.20, 9, 110.77, 83), (81, 42, 42, 3.20, 9, 122.21, 64),
(82, 52, 15, 4.20, 0, 63.00, 67), (82, 94, 9, 5.80, 0, 52.20, 91),
(83, 1, 190, 1.20, 15, 193.80, 22), (83, 2, 165, 1.45, 15, 204.26, 23),
(84, 2, 62, 1.45, 0, 89.90, 23), (84, 9, 48, 1.80, 0, 86.40, 26),
(85, 1, 128, 1.20, 12, 135.17, 22), (85, 100, 98, 1.60, 12, 138.11, 97),
(86, 1, 78, 1.20, 5, 88.92, 22), (86, 21, 52, 1.80, 5, 89.01, 11),
(87, 1, 112, 1.20, 11, 119.62, 22), (87, 3, 92, 1.25, 11, 102.23, 24),
(88, 1, 142, 1.20, 12, 149.95, 22), (88, 9, 98, 1.80, 12, 155.23, 26),
(89, 52, 18, 4.20, 0, 75.60, 67), (89, 62, 11, 8.50, 0, 93.50, 73),
(90, 1, 88, 1.20, 9, 96.05, 22), (90, 28, 54, 2.20, 9, 108.11, NULL),
(91, 21, 58, 1.80, 0, 104.40, 11), (91, 52, 10, 4.20, 0, 42.00, 67),
(92, 1, 118, 1.20, 10, 127.44, 22), (92, 16, 18, 16.00, 0, 288.00, 6),
(93, 21, 68, 1.80, 0, 122.40, 11), (93, 100, 78, 1.60, 0, 124.80, 97),
(94, 1, 98, 1.20, 9, 107.00, 22), (94, 3, 82, 1.25, 9, 93.28, 24),
(95, 52, 14, 4.20, 0, 58.80, 67), (95, 94, 8, 5.80, 0, 46.40, 91),
(96, 1, 85, 1.20, 8, 93.84, 22), (96, 9, 58, 1.80, 8, 95.47, 26),
(97, 52, 19, 4.20, 0, 79.80, 67), (97, 55, 14, 4.20, 0, 58.80, 70),
(98, 1, 122, 1.20, 11, 130.25, 22), (98, 16, 19, 16.00, 0, 304.00, 6),
(99, 21, 52, 1.80, 0, 93.60, 11), (99, 95, 24, 2.80, 0, 67.20, 92),
(100, 1, 105, 1.20, 9, 114.66, 22), (100, 28, 62, 2.20, 9, 124.08, NULL);

SET FOREIGN_KEY_CHECKS = 1;

SELECT 'Data seeding completed!' AS Status;
SELECT COUNT(*) AS Categories FROM categories;
SELECT COUNT(*) AS Products FROM products;
SELECT COUNT(*) AS Suppliers FROM suppliers;
SELECT COUNT(*) AS Production_Batches FROM production_batches;
SELECT COUNT(*) AS Customers FROM customers;
SELECT COUNT(*) AS Orders FROM orders;
SELECT COUNT(*) AS Order_Items FROM order_items;

COMMIT;
